Length_m,Beam_m,Draft_m,Block_Coefficient,Speed_knots,Froude_Number,Displacement_t,Resistance_kN,Power_kW
132.44,20.04,6.58,0.76,10.7,0.1528,13600.0,165.0,896.3
213.1,26.55,10.75,0.701,12.46,0.1402,43695.4,515.42,3238.9
182.48,22.04,8.96,0.665,10.83,0.1317,24550.0,274.72,1538.4
163.81,22.05,9.3,0.795,9.42,0.1209,27366.8,195.61,924.7
101.84,15.73,6.86,0.58,9.93,0.1616,6532.2,100.91,520.8
101.84,12.7,6.05,0.683,15.37,0.2502,5473.1,215.6,1632.4
88.13,12.5,5.03,0.553,11.3,0.1977,3145.2,85.68,510.9
201.26,29.28,10.88,0.677,13.83,0.1601,44462.7,612.86,4411.3
164.16,20.44,9.14,0.565,16.05,0.2058,17766.7,469.0,3898.4
179.13,25.82,9.38,0.582,19.05,0.2337,25883.3,829.99,8332.3
82.88,10.75,4.2,0.582,8.63,0.1557,2229.0,43.35,200.5
215.79,30.27,10.07,0.725,20.79,0.2325,48892.2,1379.8,15132.1
196.54,27.58,8.94,0.751,18.05,0.2114,37322.4,918.47,8134.5
109.73,14.97,7.1,0.708,9.31,0.146,8453.3,92.26,427.7
105.46,12.51,5.68,0.81,21.98,0.3515,6214.1,459.0,5108.5
105.68,15.68,6.77,0.651,22.73,0.3632,7484.4,584.14,6836.2
122.59,15.67,6.04,0.627,8.98,0.1332,7459.7,97.49,456.1
153.47,18.79,6.54,0.785,12.43,0.1648,15156.4,249.17,1564.5
140.47,16.38,5.65,0.61,20.9,0.2896,8139.1,543.44,5870.1
120.77,16.74,6.03,0.81,19.97,0.2985,10121.5,469.42,4732.0
165.66,23.54,9.6,0.553,10.95,0.1398,21234.9,256.8,1424.8
99.53,11.51,5.0,0.812,11.35,0.1869,4767.4,98.57,555.3
120.9,16.38,6.97,0.562,13.93,0.208,7948.4,229.05,1603.2
131.29,16.29,5.94,0.791,15.75,0.2258,10296.5,295.69,2315.2
143.85,20.26,9.58,0.692,17.89,0.245,19804.5,581.18,5219.0
189.92,23.17,10.15,0.818,13.9,0.1657,37441.3,534.45,3923.2
107.95,15.4,6.29,0.57,15.4,0.2435,6111.3,233.87,1808.9
151.99,19.83,8.29,0.7,19.96,0.2659,17909.0,750.8,8216.6
162.94,24.84,9.62,0.812,8.59,0.1105,32390.7,177.92,795.7
86.5,10.42,3.75,0.691,12.04,0.2126,2394.9,75.26,468.3
165.06,21.23,8.0,0.72,19.41,0.2482,20700.2,670.29,6550.6
103.87,12.42,5.48,0.738,22.32,0.3598,5344.6,475.85,5560.4
89.11,13.54,4.37,0.673,16.19,0.2816,3632.3,193.46,1587.8
212.84,31.95,10.82,0.719,16.51,0.1859,54234.8,956.36,8149.5
215.19,26.97,8.83,0.708,9.71,0.1088,37163.9,301.95,1605.6
193.18,27.31,8.92,0.793,15.16,0.1791,38267.1,616.45,4795.7
122.65,18.11,8.28,0.562,16.52,0.245,10595.5,394.91,3453.0
93.67,12.85,5.56,0.626,11.88,0.2016,4294.3,106.38,638.7
175.79,23.94,9.48,0.807,12.31,0.1525,32976.6,376.27,2380.4
141.62,17.66,5.93,0.79,14.04,0.1937,12005.6,287.86,2170.7
97.09,11.53,4.6,0.673,8.32,0.1387,3547.3,50.79,214.0
149.32,22.53,8.92,0.717,13.15,0.1768,22061.9,340.26,2406.7
84.81,12.81,4.45,0.625,11.38,0.203,3098.9,80.99,482.7
207.3,29.09,11.33,0.601,13.24,0.151,42068.3,575.47,3864.5
116.23,14.94,5.73,0.675,9.92,0.1511,6892.6,112.29,581.9
172.75,22.28,9.32,0.645,22.25,0.278,23742.9,1126.97,13212.4
123.64,17.81,7.51,0.708,17.5,0.2585,11990.8,433.68,3964.4
152.81,23.06,7.55,0.571,18.87,0.2507,15558.5,631.15,5885.1
156.54,23.56,8.95,0.813,20.63,0.2708,27505.7,867.73,9040.4
105.88,15.48,6.5,0.816,15.98,0.255,8917.7,264.99,2164.3
215.74,30.35,12.16,0.739,9.39,0.105,60250.0,336.99,1625.0
188.52,22.31,10.2,0.695,16.59,0.1985,30550.3,689.7,5979.0
211.53,25.69,10.93,0.634,17.39,0.1964,38576.9,810.73,7284.9
205.28,30.98,10.72,0.77,19.93,0.2284,53809.3,1417.02,14041.4
163.71,22.8,7.55,0.735,14.91,0.1914,21231.3,445.04,3445.3
209.06,24.12,10.2,0.594,10.04,0.1141,31301.2,280.77,1472.5
92.39,11.0,3.57,0.796,12.54,0.2143,2957.1,92.32,603.9
107.44,15.21,6.29,0.772,13.81,0.2188,8134.4,179.52,1309.8
86.33,9.95,4.68,0.806,18.33,0.3241,3320.8,214.61,2066.4
125.55,15.25,6.28,0.746,17.13,0.2511,9193.6,338.27,3015.7
134.41,18.41,7.03,0.716,13.7,0.1941,12766.0,252.77,1778.1
117.99,16.83,7.12,0.663,23.78,0.3596,9609.0,691.61,8111.0
196.02,27.65,10.88,0.802,17.69,0.2076,48461.9,927.14,8529.2
129.95,16.11,6.56,0.784,11.8,0.17,11035.3,192.34,1173.2
119.33,17.12,8.06,0.562,9.63,0.1448,9488.3,116.46,580.8
155.98,19.42,7.41,0.557,10.45,0.1374,12821.4,171.93,894.4
99.73,12.77,6.05,0.652,11.94,0.1963,5144.2,114.66,685.0
192.31,27.86,12.95,0.769,10.57,0.1252,54672.4,363.18,2027.0
90.44,12.75,4.48,0.817,10.99,0.1897,4323.3,77.05,435.0
218.16,32.5,10.76,0.591,12.56,0.1397,46187.5,568.23,3734.6
188.11,26.58,8.93,0.71,10.77,0.129,32532.2,316.29,1754.3
107.82,14.85,4.8,0.653,22.35,0.3535,5138.0,503.94,5798.1
80.77,9.59,3.21,0.812,9.28,0.1697,2072.3,46.65,228.0
194.16,25.18,10.81,0.777,16.39,0.1932,42125.2,785.61,6539.5
178.96,22.48,7.45,0.776,14.57,0.1788,23846.5,457.45,3436.2
182.06,22.71,8.43,0.677,23.72,0.2887,24167.8,1200.18,14474.9
187.98,28.93,13.17,0.662,9.79,0.1173,48604.7,348.04,1734.3
90.37,11.81,3.82,0.624,14.37,0.2482,2610.3,127.32,933.7
130.19,19.62,8.83,0.565,23.51,0.3385,13069.7,872.8,10615.5
96.22,13.49,4.93,0.783,21.85,0.3658,5137.5,421.77,4683.8
200.83,29.48,9.99,0.769,21.07,0.2442,46657.9,1392.67,15571.9
167.26,22.6,9.75,0.82,12.13,0.154,30973.6,336.61,2052.9
126.33,17.44,7.34,0.819,10.73,0.1569,13572.8,157.42,865.2
88.9,11.97,5.51,0.7,18.7,0.3257,4210.7,249.38,2372.5
123.54,15.17,6.64,0.758,22.87,0.338,9663.4,642.06,7827.4
125.53,18.06,8.1,0.805,16.91,0.2479,15159.7,395.95,3461.0
182.14,22.99,8.4,0.779,17.15,0.2087,28087.4,651.87,5898.2
169.26,19.63,6.84,0.617,12.48,0.1576,14364.2,279.23,1726.1
204.21,28.76,12.66,0.672,20.31,0.2335,51164.2,1306.97,13748.1
146.11,17.84,8.01,0.585,10.99,0.1494,12516.5,198.88,1149.7
96.74,14.76,7.06,0.808,13.18,0.2201,8353.3,146.66,996.4
179.85,27.55,10.63,0.714,14.81,0.1813,38535.8,629.87,4925.8
186.51,28.27,10.73,0.612,16.12,0.1939,35481.1,761.01,6230.0
158.58,20.58,9.14,0.731,11.88,0.1549,22376.2,252.45,1597.1
187.94,21.73,8.14,0.717,9.84,0.1179,24419.8,223.41,1195.6
149.13,22.69,10.64,0.647,17.77,0.239,23860.6,614.76,5569.0
153.18,20.24,9.26,0.581,12.62,0.1675,17080.7,268.3,1722.3
139.86,21.49,8.35,0.731,17.3,0.2403,18818.2,498.82,4600.7
83.56,12.83,5.65,0.69,10.47,0.1881,4284.6,73.39,410.9
95.1,14.18,6.25,0.759,15.7,0.2644,6554.6,233.34,1859.8
84.4,10.7,3.6,0.69,16.52,0.2954,2301.2,158.24,1330.8
169.1,22.05,10.24,0.78,8.83,0.1115,30532.4,196.86,887.8
124.01,18.48,7.41,0.699,13.39,0.1974,12167.1,250.57,1667.5
151.2,19.3,8.73,0.701,10.15,0.1356,18321.6,176.47,900.3
207.06,25.22,9.36,0.787,9.01,0.1029,39407.8,242.0,1094.0
114.9,15.77,7.31,0.659,23.84,0.3653,8944.4,715.6,8607.6
137.45,20.95,8.01,0.586,13.16,0.1843,13862.2,262.02,1772.0
185.78,26.54,8.54,0.558,20.96,0.2526,24063.6,1102.46,11956.0
112.03,15.44,7.18,0.754,12.07,0.1874,9591.6,160.64,1036.5
90.78,10.79,3.61,0.717,18.9,0.3259,2601.8,216.41,2052.1
120.57,16.83,6.25,0.74,20.16,0.3016,9614.6,513.2,5454.5
102.57,15.86,7.48,0.608,17.53,0.2843,7581.0,322.33,2891.3
210.16,25.35,11.97,0.587,15.55,0.1761,38336.7,697.04,5567.4
193.14,26.22,10.79,0.554,14.59,0.1724,31029.7,603.14,4603.2
168.68,25.32,10.66,0.645,13.58,0.1718,30083.5,423.6,2876.7
202.0,29.22,11.45,0.709,22.87,0.2643,49108.3,1709.7,20309.6
192.51,27.51,10.09,0.656,21.29,0.252,35930.5,1288.1,14166.6
106.12,15.19,5.66,0.668,23.44,0.3737,6244.1,573.39,6999.5
204.96,26.52,11.34,0.794,9.99,0.1146,50162.6,331.56,1716.1
155.51,19.71,8.68,0.644,19.69,0.2594,17561.7,641.52,6898.4
193.04,28.45,12.71,0.689,23.01,0.2721,49268.5,1706.29,19878.9
205.45,30.28,13.52,0.762,10.9,0.1249,65654.7,438.27,2424.9
124.52,18.64,6.24,0.657,9.06,0.1334,9748.0,108.54,498.2
95.41,14.46,5.77,0.718,19.86,0.3339,5856.7,375.23,3780.1
111.91,15.16,4.99,0.783,17.19,0.2669,6793.1,284.96,2480.1
139.8,18.88,7.7,0.806,21.47,0.2982,16802.4,698.12,7939.7
194.52,28.58,11.17,0.59,10.24,0.1205,37521.7,299.73,1634.4
200.5,28.27,13.06,0.8,20.72,0.2404,60725.5,1446.32,15199.9
80.97,11.59,4.36,0.683,11.23,0.2049,2861.5,69.69,394.1
151.5,22.25,7.54,0.62,10.62,0.1417,16132.3,226.46,1251.6
138.44,20.85,7.15,0.674,10.63,0.1484,14253.3,168.39,908.0
111.1,14.28,6.31,0.815,21.03,0.3278,8355.3,509.55,5600.8
96.78,12.58,5.27,0.683,18.64,0.3113,4494.6,275.26,2653.4
127.27,15.11,5.08,0.639,16.37,0.2383,6398.9,280.61,2273.5
212.01,29.28,9.77,0.721,13.74,0.155,44807.1,602.8,4426.1
125.25,14.58,6.3,0.615,22.04,0.3234,7254.9,554.24,6564.9
152.63,20.4,6.76,0.57,14.28,0.1898,12312.0,330.08,2387.5
178.42,24.39,11.01,0.585,21.07,0.259,28728.2,1118.18,12000.3
130.91,16.55,7.17,0.585,15.03,0.2157,9308.2,282.33,2198.1
216.05,29.95,9.97,0.591,14.03,0.1568,39100.4,646.02,4702.1
214.74,24.96,8.33,0.587,15.4,0.1726,26867.6,622.88,5016.9
115.25,13.43,6.42,0.723,12.82,0.1962,7357.2,161.68,1120.1
149.61,22.13,8.41,0.599,19.96,0.268,17090.8,730.3,7466.4
122.12,15.8,5.99,0.643,16.04,0.2385,7628.8,261.23,2113.0
119.88,14.4,6.48,0.792,11.72,0.1757,9077.3,142.74,830.6
85.16,11.57,5.46,0.678,22.39,0.3986,3737.8,390.24,4413.4
165.34,24.11,11.52,0.73,14.14,0.1806,34358.9,483.48,3514.6
150.38,18.59,8.19,0.597,16.7,0.2236,14000.2,435.83,3911.6
87.21,12.2,4.64,0.602,22.5,0.3958,3045.5,374.1,4274.8
119.01,14.09,4.7,0.561,17.99,0.2708,4530.9,300.13,2792.9
